{
    "temperature": 1.2185297692217358,
    "top_p": 0.8212820336645007,
    "top_k": 82,
    "repetition_penalty": 1.5336108911570294,
    "no_repeat_ngram_size": 5,
    "num_beams": 3
}{
    "temperature": 1.2769289252799627,
    "top_p": 0.7823236865974945,
    "top_k": 97,
    "repetition_penalty": 1.025774186907277,
    "no_repeat_ngram_size": 5,
    "num_beams": 4
}{
    "temperature": 0.6822557088070528,
    "top_p": 0.8785881232113854,
    "top_k": 75,
    "repetition_penalty": 1.6638358837730554,
    "no_repeat_ngram_size": 5,
    "num_beams": 5
}