{
    "temperature": 1.456894478539,
    "top_p": 0.802839712270468,
    "top_k": 76,
    "repetition_penalty": 1.078632672846121,
    "no_repeat_ngram_size": 3,
    "num_beams": 4,
    "do_sample": true, 
    "early_stopping": false,
    "max_new_tokens": 1800
}