{
    "temperature": 1.0242507457306906, 
    "top_p": 0.7027738163790833, 
    "top_k": 60, 
    "repetition_penalty": 1.4769542090400425, 
    "no_repeat_ngram_size": 5, 
    "num_beams": 2,
    "do_sample": true, 
    "early_stopping": false,
    "max_new_tokens": 1800
}
